actor,movie_tv
William Devane,Bosch: Legacy
William Devane,The Grinder
William Devane,Jesse Stone: Lost in Paradise
William Devane,Truth
William Devane,Interstellar
William Devane,24: Live Another Day
William Devane,50 to 1
William Devane,Bad Turn Worse
William Devane,The Dark Knight Rises
William Devane,Jesse Stone: Benefit of the Doubt
William Devane,Red Clover
William Devane,Revenge
William Devane,"Good Morning, Killer"
William Devane,Flag of My Father
William Devane,Jesse Stone: Innocents Lost
William Devane,The Kane Files: Life of Trial
William Devane,NCIS
William Devane,Psych
William Devane,Notes from the Underbelly
William Devane,Jesse Stone: No Remorse
William Devane,King of the Hill
William Devane,The River Why
William Devane,The Dealership
William Devane,Jesse Stone: Thin Ice
William Devane,Chasing the Green
William Devane,The Least Among You
William Devane,The Fall
William Devane,Stargate: Continuum
William Devane,Jesse Stone: Sea Change
William Devane,24
William Devane,What About Brian
William Devane,Crumbs
William Devane,Jesse Stone: Death in Paradise
William Devane,Deceit
William Devane,Stargate SG-1
William Devane,The West Wing
William Devane,The Wind Effect
William Devane,Monte Walsh
William Devane,Threat of Exposure
William Devane,A Christmas Visitor
William Devane,The Badge
William Devane,The X-Files
William Devane,Judging Amy
William Devane,Race to Space
William Devane,The Michael Richards Show
William Devane,Hollow Man
William Devane,Space Cowboys
William Devane,The Man Who Used to Be Me
William Devane,Poor White Trash
William Devane,Miracle on the Mountain: The Kincaid Family Story
William Devane,Early Edition
William Devane,Turks
William Devane,Payback
William Devane,Touched by an Angel
William Devane,Timecop
William Devane,Doomsday Rock
William Devane,Knots Landing: Back to the Cul-de-Sac
William Devane,The Absolute Truth
William Devane,Exception to the Rule
William Devane,Forgotten Sins
William Devane,The Monroes
William Devane,Detonator II: Night Watch
William Devane,Virus
William Devane,Freefall: Flight 174
William Devane,Frogmen
William Devane,Lady in Waiting
William Devane,Lois & Clark: The New Adventures of Superman
William Devane,For the Love of Nancy
William Devane,Phenom
William Devane,Rubdown
William Devane,Knots Landing
William Devane,Prophet of Evil: The Ervil LeBaron Story
William Devane,The President's Child
William Devane,Obsessed
William Devane,Nightmare in Columbia County
William Devane,A Woman Named Jackie
William Devane,Murder C.O.D.
William Devane,Vital Signs
William Devane,"Chips, the War Dog"
William Devane,The Preppie Murder
William Devane,Timestalkers
William Devane,With Intent to Kill
William Devane,Testament
William Devane,Hadley's Rebellion
William Devane,Jane Doe
William Devane,Insight
William Devane,The Big Easy
William Devane,The Other Victim
William Devane,Red Flag: The Ultimate Game
William Devane,Honky Tonk Freeway
William Devane,From Here to Eternity
William Devane,Yanks
William Devane,The Dark
William Devane,From Here to Eternity
William Devane,Black Beauty
William Devane,Rolling Thunder
William Devane,The Bad News Bears in Breaking Training
William Devane,Red Alert
William Devane,Marathon Man
William Devane,Family Plot
William Devane,Fear on Trial
William Devane,Report to the Commissioner
William Devane,The Missiles of October
William Devane,Judgment: The Court Martial of the Tiger of Malaya - General Yamashita
William Devane,Shirts/Skins
William Devane,The Snoop Sisters
William Devane,Hawaii Five-O
William Devane,Mannix
William Devane,Medical Center
William Devane,Ironside
William Devane,Young Dr. Kildare
William Devane,The Bait
William Devane,Crime Club
William Devane,Gunsmoke
William Devane,Irish Whiskey Rebellion
William Devane,Lady Liberty
William Devane,My Old Man's Place
William Devane,McCabe & Mrs. Miller
William Devane,The 300 Year Weekend
William Devane,The Pursuit of Happiness
William Devane,The Interns
William Devane,This Town Will Never Be the Same
William Devane,N.Y.P.D.
William Devane,In the Country
William Devane,Directions
Andrew Borba,Private Time
Michael Caine,Now You See Me 3
Andrew Borba,Bosch: Legacy
Andrew Borba,Homeland
Andrew Borba,Speechless
Andrew Borba,I'm Dying Up Here
Andrew Borba,Dear White People
Michael Caine,The Great Escaper
Michael Caine,Medieval
Michael Caine,Best Sellers
Michael Caine,Twist
Michael Caine,Tenet
Michael Caine,Four Kids and It
Collette Wolfe,Night School
Andrew Borba,S.W.A.T.
Andrew Borba,Rosewood
Andrew Borba,The Sweet Life
Andrew Borba,Change of Heart
Andrew Borba,Criminal Minds
Andrew Borba,Straight Outta Compton
Michael Caine,Come Away
Michael Caine,King of Thieves
Michael Caine,Sherlock Gnomes
Michael Caine,Dunkirk
Michael Caine,Dear Dictator
Collette Wolfe,Shameless
Collette Wolfe,A.P. Bio
Collette Wolfe,Grey's Anatomy
Collette Wolfe,Good Behavior
Collette Wolfe,You're the Worst
Andrew Borba,Aquarius
Andrew Borba,Shameless
Andrew Borba,Taken 3
Andrew Borba,NCIS: New Orleans
Michael Caine,Going in Style
Michael Caine,Now You See Me 2
Michael Caine,The Last Witch Hunter
Michael Caine,GivingTales
Michael Caine,Youth
Michael Caine,Kingsman: The Secret Service
Michael Caine,Interstellar
Collette Wolfe,The Gender Card Flip
Collette Wolfe,A Beautiful Now
Collette Wolfe,School Nurse
Collette Wolfe,Your Family or Mine
Andrew Borba,Interstellar
Andrew Borba,The Client List
Andrew Borba,Go On
Andrew Borba,Castle
Andrew Borba,The Mentalist
Andrew Borba,Private Practice
Michael Caine,Stonehearst Asylum
Michael Caine,Last Love
Michael Caine,Now You See Me
Collette Wolfe,Hot Tub Time Machine 2
Collette Wolfe,Things You Shouldn't Say Past Midnight
Collette Wolfe,Interstellar
Collette Wolfe,Really
Collette Wolfe,Play Nice
Collette Wolfe,Next Caller
Andrew Borba,Answers to Nothing
Andrew Borba,The Defenders
Andrew Borba,Dead in the Room
Andrew Borba,The Young and the Restless
Michael Caine,The Dark Knight Rises
Michael Caine,Journey 2: The Mysterious Island
Michael Caine,Cars 2
Michael Caine,Gnomeo & Juliet
Michael Caine,Inception
Michael Caine,Harry Brown
Collette Wolfe,Devil's Knot
Collette Wolfe,Royal Pains
Collette Wolfe,Mad Men
Andrew Borba,Lure
Andrew Borba,Modern Family
Andrew Borba,Medium
Andrew Borba,NCIS: Los Angeles
Andrew Borba,Dark Blue
Andrew Borba,Prison Break
Michael Caine,Is Anybody There?
Michael Caine,The Dark Knight
Michael Caine,Flawless
Michael Caine,Sleuth
Michael Caine,The Prestige
Michael Caine,Children of Men
Collette Wolfe,The Office
Collette Wolfe,Megawinner
Collette Wolfe,The Pilgrim & the Private Eye
Collette Wolfe,Fetching
Andrew Borba,NCIS
Andrew Borba,Bones
Andrew Borba,Eli Stone
Andrew Borba,Speedie Date
Michael Caine,The Weather Man
Michael Caine,Bewitched
Michael Caine,Batman Begins
Michael Caine,Batman Begins
Michael Caine,Around the Bend
Michael Caine,Freedom: A History of US
Collette Wolfe,The Babymakers
Collette Wolfe,Lovelives
Collette Wolfe,Young Adult
Collette Wolfe,Friends with Benefits
Collette Wolfe,Cougar Town
Andrew Borba,Monk
Andrew Borba,Raines
Andrew Borba,Jericho
Andrew Borba,Lincoln Heights
Andrew Borba,CSI: Miami
Andrew Borba,Cold Case
Wes Bentley,Blade Runner: Black Lotus
Michael Caine,The Statement
Michael Caine,Secondhand Lions
Michael Caine,The Actors
Michael Caine,Quicksand
Michael Caine,On the Set Gag Reel
Michael Caine,The Quiet American
Collette Wolfe,Traffic Light
Collette Wolfe,Eastbound & Down
Collette Wolfe,100 Questions
Collette Wolfe,The Etiquette Ninjas
Andrew Borba,That '70s Show
Andrew Borba,Grey's Anatomy
Andrew Borba,Crossing Jordan
Andrew Borba,Without a Trace
Andrew Borba,E-Ring
Wes Bentley,Yellowstone
Wes Bentley,The Best of Enemies
Wes Bentley,Mission: Impossible - Fallout
Michael Caine,Austin Powers in Goldmember
Michael Caine,Last Orders
Michael Caine,Miss Congeniality
Michael Caine,Get Carter
Michael Caine,Shiner
Michael Caine,Quills
Collette Wolfe,How I Met Your Mother
Collette Wolfe,Hot Tub Time Machine
Collette Wolfe,Greek
Collette Wolfe,Reaper
Andrew Borba,Close to Home
Andrew Borba,House
Andrew Borba,Nine Lives
Andrew Borba,JAG
Andrew Borba,The West Wing
Francis X. McCarthy,Dear White People
Wes Bentley,American Horror Story
Wes Bentley,Pete's Dragon
Wes Bentley,We Are Your Friends
Wes Bentley,Final Girl
Wes Bentley,Knight of Cups
Wes Bentley,Open
Michael Caine,The Debtors
Michael Caine,The Cider House Rules
Michael Caine,It All Came True
Collette Wolfe,Observe and Report
Collette Wolfe,17 Again
Collette Wolfe,Four Christmases
Collette Wolfe,Semi-Pro
Andrew Borba,Nip/Tuck
Andrew Borba,The Shield
Andrew Borba,Star Trek: Enterprise
Andrew Borba,24
Andrew Borba,Century City
Francis X. McCarthy,On the Basis of Sex
Francis X. McCarthy,9-1-1
Francis X. McCarthy,No Tomorrow
Francis X. McCarthy,Second Chance
Francis X. McCarthy,Angel of Christmas
Wes Bentley,Amnesiac
Wes Bentley,Broken Vows
Wes Bentley,Interstellar
Wes Bentley,Welcome to Me
Wes Bentley,Cesar Chavez
Wes Bentley,After the Fall
Wes Bentley,The Better Angels
Michael Caine,Little Voice
Michael Caine,Shadow Run
Michael Caine,"20,000 Leagues Under the Sea"
Michael Caine,Mandela and de Klerk
Michael Caine,Blood and Wine
Michael Caine,Midnight in Saint Petersburg
Collette Wolfe,The Wager
Collette Wolfe,Great World of Sound
Collette Wolfe,The Foot Fist Way
Andrew Borba,Alias
Andrew Borba,The Guardian
Andrew Borba,Live from Baghdad
Andrew Borba,Path to War
Francis X. McCarthy,Motive
Francis X. McCarthy,Perception
Francis X. McCarthy,Interstellar
Francis X. McCarthy,Bates Motel
Wes Bentley,3 Nights in the Desert
Wes Bentley,Pioneer
Wes Bentley,Lovelace
Wes Bentley,Hidden Moon
Wes Bentley,The Time Being
Wes Bentley,Hirokin: The Last Samurai
Michael Caine,Bullet to Beijing
Michael Caine,World War II: When Lions Roared
Michael Caine,On Deadly Ground
Michael Caine,The Muppet Christmas Carol
Michael Caine,Blue Ice
Andrew Borba,Dischord
Andrew Borba,Once and Again
Andrew Borba,The Next Big Thing
Andrew Borba,A Bright Shining Lie
Francis X. McCarthy,Supernatural
Francis X. McCarthy,CAT. 8
Francis X. McCarthy,Imaginaerum
Francis X. McCarthy,The Seven Year Hitch
Francis X. McCarthy,CSI: NY
Wes Bentley,The Hunger Games
Wes Bentley,Gone
Wes Bentley,Rites of Passage
Wes Bentley,Underworld: Awakening
Wes Bentley,Tilda
Wes Bentley,After-School Special
Michael Caine,Noises Off...
Michael Caine,Bullseye!
Michael Caine,Mr. Destiny
Francis X. McCarthy,Out of Control
Francis X. McCarthy,Smallville
Francis X. McCarthy,Story of Jen
Francis X. McCarthy,Race to Mars
Francis X. McCarthy,The Dead Zone
Wes Bentley,There Be Dragons
Wes Bentley,Bon Jovi: What Do You Got?
Wes Bentley,Jonah Hex
Wes Bentley,The Tomb
Wes Bentley,The Greims
Michael Caine,A Shock to the System
Michael Caine,Jekyll and Hyde
Michael Caine,Dirty Rotten Scoundrels
Michael Caine,Without a Clue
Michael Caine,Jack the Ripper
Timothée Chalamet,Dune: Part Two
Francis X. McCarthy,The Great War
Francis X. McCarthy,10.5: Apocalypse
Francis X. McCarthy,Black Widower
Francis X. McCarthy,False Pretenses
Francis X. McCarthy,Beacon Hill
Francis X. McCarthy,NYPD Blue
Francis X. McCarthy,The Guardian
Bill Irwin,Spoiler Alert
Wes Bentley,Dolan's Cadillac
Wes Bentley,The Last Word
Wes Bentley,P2
Wes Bentley,The Perfect Witness
Wes Bentley,Weirdsville
Wes Bentley,Ghost Rider
Michael Caine,Surrender
Michael Caine,Jaws: The Revenge
Michael Caine,The Fourth Protocol
Michael Caine,The Whistle Blower
Michael Caine,Half Moon Street
Michael Caine,Mona Lisa
Timothée Chalamet,Bones and All
Timothée Chalamet,Wonka
Timothée Chalamet,Don't Look Up
Timothée Chalamet,Dune
Timothée Chalamet,The French Dispatch
Timothée Chalamet,Cadillac: How Do You Drive with Scissorhands?
Francis X. McCarthy,The Last Chapter II: The War Continues
Francis X. McCarthy,Red Rover
Francis X. McCarthy,The Reagans
Francis X. McCarthy,Beyond Borders
Francis X. McCarthy,See Jane Date
Bill Irwin,Rustin
Bill Irwin,The Dropout
Bill Irwin,The Andy Warhol Diaries
Bill Irwin,The Gilded Age
Wes Bentley,The Game of Their Lives
Wes Bentley,The Four Feathers
Wes Bentley,Soul Survivors
Wes Bentley,The Claim
Wes Bentley,The White River Kid
Michael Caine,Sweet Liberty
Michael Caine,Hannah and Her Sisters
Michael Caine,The Holcroft Covenant
Anne Hathaway,The Idea of You
Timothée Chalamet,Little Women
Timothée Chalamet,The King
Timothée Chalamet,A Rainy Day in New York
Timothée Chalamet,Beautiful Boy
Timothée Chalamet,Great Performers: Horror Show
Timothée Chalamet,Hostiles
Francis X. McCarthy,Going for Broke
Francis X. McCarthy,Nightwaves
Francis X. McCarthy,Rudy: The Rudy Giuliani Story
Francis X. McCarthy,Deacons for Defense
Bill Irwin,Star Trek: Discovery
Bill Irwin,New Amsterdam
Bill Irwin,Law & Order: Special Victims Unit
Bill Irwin,Lust Life Love
Wes Bentley,American Beauty
Wes Bentley,Beloved
Wes Bentley,Three Below Zero
Wes Bentley,Serendipity Lane
Michael Caine,Water
Michael Caine,Madness: Michael Caine
Michael Caine,Blame It on Rio
Anne Hathaway,The Lifeboat
Anne Hathaway,Bum's Rush
Anne Hathaway,Mothers' Instinct
Anne Hathaway,Sesame Street
Anne Hathaway,She Came to Me
Anne Hathaway,Eileen
Timothée Chalamet,Lady Bird
Timothée Chalamet,Hot Summer Nights
Timothée Chalamet,Call Me by Your Name
Timothée Chalamet,Miss Stevens
Timothée Chalamet,Love the Coopers
Francis X. McCarthy,Odyssey 5
Francis X. McCarthy,The Last Chapter
Francis X. McCarthy,No Good Deed
Francis X. McCarthy,Port Charles
Bill Irwin,Irresistible
Bill Irwin,Sesame Street's 50th Anniversary Celebration
Bill Irwin,Wolverine
Michael Caine,The Jigsaw Man
Michael Caine,Beyond the Limit
Michael Caine,Educating Rita
Michael Caine,Deathtrap
Michael Caine,Victory
Mackenzie Foy,The Man Who Saved Paris
Anne Hathaway,Armageddon Time
Anne Hathaway,WeCrashed
Anne Hathaway,Solos
Anne Hathaway,Locked Down
Anne Hathaway,The Witches
Timothée Chalamet,The Adderall Diaries
Timothée Chalamet,One and Two
Timothée Chalamet,Interstellar
Timothée Chalamet,Spinners
Timothée Chalamet,Worst Friends
Francis X. McCarthy,Hidden Agenda
Francis X. McCarthy,"Dr. Quinn, Medicine Woman: The Heart Within"
Francis X. McCarthy,The District
Francis X. McCarthy,The Wonderful World of Disney
Francis X. McCarthy,3rd Rock from the Sun
Bill Irwin,Legion
Bill Irwin,The Unsilent Picture
Bill Irwin,This Is Us
Bill Irwin,Doubt
Michael Caine,The Hand
Michael Caine,Dressed to Kill
Michael Caine,The Island
Michael Caine,Beyond the Poseidon Adventure
Mackenzie Foy,Black Beauty
Mackenzie Foy,The Nutcracker and the Four Realms
Mackenzie Foy,Jesse Stone: Lost in Paradise
Mackenzie Foy,The Little Prince
Mackenzie Foy,The Cookie Mobster
Anne Hathaway,The Last Thing He Wanted
Anne Hathaway,Dark Waters
Anne Hathaway,Modern Love
Anne Hathaway,The Hustle
Anne Hathaway,Serenity
Anne Hathaway,Ocean's Eight
Timothée Chalamet,"Men, Women & Children"
Timothée Chalamet,Trooper
Timothée Chalamet,Homeland
Timothée Chalamet,Royal Pains
Francis X. McCarthy,Any Day Now
Francis X. McCarthy,Profiler
Francis X. McCarthy,Arli$$
Francis X. McCarthy,Diplomatic Siege
Francis X. McCarthy,Boy Meets World
Francis X. McCarthy,The Practice
Bill Irwin,Julie's Greenroom
Bill Irwin,Quarry
Bill Irwin,Confirmation
Bill Irwin,Sleepy Hollow
Bill Irwin,Elmo's World: Elmo Wonders
Michael Caine,Ashanti
Michael Caine,California Suite
Michael Caine,The Swarm
Michael Caine,A Bridge Too Far
Michael Caine,Silver Bears
Michael Caine,The Eagle Has Landed
Mackenzie Foy,Interstellar
Mackenzie Foy,Black Eyed Dog
Mackenzie Foy,The Boxcar Children
Mackenzie Foy,Wish You Well
Mackenzie Foy,The Conjuring
Anne Hathaway,Documentary Now!
Anne Hathaway,Colossal
Anne Hathaway,Alice Through the Looking Glass
Anne Hathaway,The Intern
Anne Hathaway,HitRECord on TV
Timothée Chalamet,Loving Leah
Timothée Chalamet,Law & Order
Timothée Chalamet,Clown
Timothée Chalamet,Sweet Tooth
Francis X. McCarthy,Winchell
Francis X. McCarthy,Frasier
Francis X. McCarthy,Working
Francis X. McCarthy,BASEketball
Bill Irwin,South of Hell
Bill Irwin,Sesame Street: Play All Day with Elmo
Bill Irwin,Ricki and the Flash
Bill Irwin,Identity Theft
Bill Irwin,Kern: Show Boat
Michael Caine,Harry and Walter Go to New York
Michael Caine,Peeper
Michael Caine,The Man Who Would Be King
Michael Caine,The Romantic Englishwoman
Mackenzie Foy,R.L. Stine's the Haunting Hour
Mackenzie Foy,The Twilight Saga: Breaking Dawn - Part 2
Mackenzie Foy,Ernest & Celestine
Mackenzie Foy,The Twilight Saga: Breaking Dawn - Part 1
Mackenzie Foy,Hawaii Five-0
Anne Hathaway,Interstellar
Anne Hathaway,Jenny Lewis: Just One of the Guys
Anne Hathaway,Don Peyote
Anne Hathaway,Rio 2
Anne Hathaway,Song One
Anne Hathaway,Don Jon
Francis X. McCarthy,Deep Impact
Francis X. McCarthy,Silk Stalkings
Francis X. McCarthy,Babylon 5
Francis X. McCarthy,The Secret World of Alex Mack
Francis X. McCarthy,The Relic
Bill Irwin,Frozen on Broadway: First Look
Bill Irwin,Interstellar
Bill Irwin,Blue Bloods
Bill Irwin,Sesame Street: Elmo's World - All About Animals
Bill Irwin,Elementary
Bill Irwin,Monday Mornings
Michael Caine,The Wilby Conspiracy
Michael Caine,The Destructors
Michael Caine,The Black Windmill
Mackenzie Foy,Flashforward
Mackenzie Foy,'Til Death
Anne Hathaway,Les Misérables
Anne Hathaway,The Simpsons
Anne Hathaway,The Dark Knight Rises
Anne Hathaway,One Day
Anne Hathaway,Rio
Anne Hathaway,Family Guy
Francis X. McCarthy,The John Larroquette Show
Francis X. McCarthy,To Face Her Past
Francis X. McCarthy,Common Law
Francis X. McCarthy,Nowhere Man
Bill Irwin,Sesame Street: Elmo's Magic Numbers
Bill Irwin,Sesame Street: Elmo's World - Favorite Things
Bill Irwin,Sesame Street: Silly Storytime
Bill Irwin,"Sesame Street: Bye-Bye, Pacifier! Big Kid Stories with Elmo"
Michael Caine,Sleuth
Michael Caine,Pulp
Michael Caine,"X, Y and Zee"
Michael Caine,Kidnapped
Anne Hathaway,Love & Other Drugs
Anne Hathaway,Alice in Wonderland
Anne Hathaway,Valentine's Day
Anne Hathaway,Rachel Getting Married: Deleted Scenes
Ellen Burstyn,Diamond in the Dust
Francis X. McCarthy,Pacific Blue
Francis X. McCarthy,Melrose Place
Francis X. McCarthy,Land's End
Francis X. McCarthy,Illegal in Blue
Francis X. McCarthy,The Stranger
Bill Irwin,A Gifted Man
Bill Irwin,Elmo's World: People in Your Neighborhood
Bill Irwin,CSI: Crime Scene Investigation
Bill Irwin,Lights Out
Bill Irwin,The Good Wife
Bill Irwin,Elmo's World: Penguins and Friends
Michael Caine,Get Carter
Michael Caine,The Last Valley
Michael Caine,Simon Simon
Anne Hathaway,Bride Wars
Anne Hathaway,Passengers
Anne Hathaway,Rachel Getting Married
Anne Hathaway,Get Smart's Bruce and Lloyd Out of Control
Anne Hathaway,Get Smart
Ellen Burstyn,Fuddy Meers
Ellen Burstyn,Bathing Flo
Ellen Burstyn,The Exorcist
Ellen Burstyn,The First Lady
Ellen Burstyn,Law & Order: Organized Crime
Ellen Burstyn,Three Months
Francis X. McCarthy,The Return of Hunter: Everyone Walks in L.A.
Francis X. McCarthy,Stalker: Shadow of Obsession
Francis X. McCarthy,Greedy
Francis X. McCarthy,SeaQuest 2032
Francis X. McCarthy,M.A.N.T.I.S.
Bill Irwin,Higher Ground
Bill Irwin,"Goldstar, Ohio"
Bill Irwin,Sesame Street
Bill Irwin,Elmo's World
Bill Irwin,Elmo and Friends: The Letter Quest and Other Magical Tales
Bill Irwin,Life on Mars
Bill Irwin,Rachel Getting Married
Matthew McConaughey,Come Home
Michael Caine,Too Late the Hero
Michael Caine,Rowan & Martin's Laugh-In
Michael Caine,The Battle of Britain
Michael Caine,The Italian Job
Michael Caine,ITV Sunday Night Theatre
Michael Caine,Male of the Species
Michael Caine,Play Dirty
Michael Caine,The Magus
Michael Caine,Deadfall
Michael Caine,Billion Dollar Brain
Michael Caine,Woman Times Seven
Michael Caine,Hurry Sundown
Michael Caine,Funeral in Berlin
Michael Caine,Gambit
Michael Caine,The Wrong Box
Anne Hathaway,Becoming Jane
Anne Hathaway,The Devil Wears Prada
Anne Hathaway,Hoodwinked
Anne Hathaway,Brokeback Mountain
Anne Hathaway,Havoc
Anne Hathaway,The Princess Diaries 2: Royal Engagement
Anne Hathaway,Ella Enchanted
Anne Hathaway,Nicholas Nickleby
Anne Hathaway,Krystal Harris: Supergirl
Anne Hathaway,The Cat Returns
Anne Hathaway,The Other Side of Heaven
Kevan Weber,Interstellar
Ellen Burstyn,Queen Bees
Ellen Burstyn,Pieces of a Woman
Ellen Burstyn,Lucy in the Sky
Ellen Burstyn,American Woman
Ellen Burstyn,The Tale
Ellen Burstyn,Nostalgia
Ellen Burstyn,All I Wish
Ellen Burstyn,The House of Tomorrow
Francis X. McCarthy,Dead Center
Francis X. McCarthy,Renegade
Francis X. McCarthy,Bodies of Evidence
Francis X. McCarthy,Jake and the Fatman
Francis X. McCarthy,Homefront
Francis X. McCarthy,Bad Attitudes
Francis X. McCarthy,Father Dowling Mysteries
Francis X. McCarthy,Stop at Nothing
Francis X. McCarthy,Night Visions
Bill Irwin,Law & Order
Bill Irwin,Across the Universe
Bill Irwin,Raving
Bill Irwin,Elmo's World: What Makes You Happy?
Bill Irwin,Dark Matter
Bill Irwin,Law & Order: Criminal Intent
Bill Irwin,Elmo's World: Pets!
Bill Irwin,Lady in the Water
Bill Irwin,Elmo's World: Reach for the Sky
Bill Irwin,Elmo Visits the Doctor
Bill Irwin,Elmo's World: Food. Water & Exercise
Michael Caine,Alfie
Michael Caine,The Ipcress File
Michael Caine,ITV Play of the Week
Michael Caine,Hamlet at Elsinore
Michael Caine,Zulu
Michael Caine,First Night
Michael Caine,The Wrong Arm of the Law
Michael Caine,Solo for Sparrow
Michael Caine,The Edgar Wallace Mystery Theatre
Michael Caine,Drama 61-67
Michael Caine,BBC Sunday-Night Play
Matthew McConaughey,Sing 2
Matthew McConaughey,Hank the Cowdog
Matthew McConaughey,Fast Times at Ridgemont High Table Read
Matthew McConaughey,The Gentlemen
Matthew McConaughey,Between Two Ferns: The Movie
Matthew McConaughey,The Beach Bum
Matthew McConaughey,Serenity
Matthew McConaughey,White Boy Rick
Matthew McConaughey,The Dark Tower
Anne Hathaway,The Princess Diaries
Anne Hathaway,Get Real
Ellen Burstyn,Custody
Ellen Burstyn,House of Cards
Ellen Burstyn,Wiener-Dog
Ellen Burstyn,Mom
Ellen Burstyn,About Scout
Ellen Burstyn,The Age of Adaline
Ellen Burstyn,Old Soul
Ellen Burstyn,Interstellar
Ellen Burstyn,The Calling
Francis X. McCarthy,Downtown
Francis X. McCarthy,21 Jump Street
Francis X. McCarthy,Alien Nation
Francis X. McCarthy,Death Spa
Francis X. McCarthy,Action Jackson
Francis X. McCarthy,The Slap Maxwell Story
Francis X. McCarthy,Summer School
Bill Irwin,The Manchurian Candidate
Bill Irwin,The Truth About Miranda
Bill Irwin,Elmo's World: Head to Toe with Elmo!
Bill Irwin,Elmo's World: Happy Holidays!
Bill Irwin,Igby Goes Down
Bill Irwin,Elmo's World: Wake Up with Elmo
Bill Irwin,The Laramie Project
Bill Irwin,Elmo's World: The Wild Wild West
Bill Irwin,"Elmo's World: Birthdays, Games & More!"
Michael Caine,The Day the Earth Caught Fire
Michael Caine,The Younger Generation
Michael Caine,Storyboard
Michael Caine,The Compartment
Michael Caine,Armchair Theatre
Michael Caine,Walk a Crooked Mile
Michael Caine,The Bulldog Breed
Michael Caine,Foxhole in Cairo
Michael Caine,No Wreath for the General
Matthew McConaughey,Gold
Matthew McConaughey,Lincoln: Crafted
Matthew McConaughey,Sing
Matthew McConaughey,Kubo and the Two Strings
Matthew McConaughey,Free State of Jones
Matthew McConaughey,The Sea of Trees
Matthew McConaughey,Jimmy Kimmel Live!
Matthew McConaughey,The Texas Capitol: Building for the Ages
Ellen Burstyn,When Marnie Was There
Ellen Burstyn,Louie
Ellen Burstyn,V.C. Andrews' Dollanganger Saga
Ellen Burstyn,Draft Day
Ellen Burstyn,River of Fundament
Ellen Burstyn,Two Men in Town
Ellen Burstyn,Wish You Well
Ellen Burstyn,Coma
Francis X. McCarthy,Dallas
Francis X. McCarthy,Sister Margaret and the Saturday Night Ladies
Francis X. McCarthy,Stingray
Francis X. McCarthy,The A-Team
Francis X. McCarthy,ALF
Francis X. McCarthy,A Case of Deadly Force
Bill Irwin,How the Grinch Stole Christmas
Bill Irwin,"Elmo's World: Flowers, Bananas & More"
Bill Irwin,"Elmo's World: Singing, Drawing & More!"
Bill Irwin,"Elmo's World: Dancing, Music, and Books"
Bill Irwin,The Adventures of Elmo in Grouchland: Sing and Play Video
Bill Irwin,A Midsummer Night's Dream
Bill Irwin,Just the Ticket
Bill Irwin,Illuminata
Bill Irwin,3rd Rock from the Sun
Bill Irwin,SUBWAYStories: Tales from the Underground
Michael Caine,Golden Girl
Michael Caine,Deadline Midnight
Michael Caine,Knight Errant Limited
Michael Caine,William Tell
Michael Caine,Dixon of Dock Green
Michael Caine,Breakout
Michael Caine,Television Playwright
Michael Caine,Room 43
Matthew McConaughey,Interstellar
Matthew McConaughey,True Detective
Matthew McConaughey,Street of Dreams
Matthew McConaughey,The Wolf of Wall Street
Matthew McConaughey,Dallas Buyers Club
Matthew McConaughey,Butch Walker and the Black Widows: Synthesizers
Matthew McConaughey,Magic Mike
Matthew McConaughey,Mud
Matthew McConaughey,The Paperboy
Ellen Burstyn,Political Animals
Ellen Burstyn,Someday This Pain Will Be Useful to You
Ellen Burstyn,Big Love
Ellen Burstyn,Another Happy Day
Ellen Burstyn,Main Street
Ellen Burstyn,Possible Side Effects
Ellen Burstyn,According to Greta
Francis X. McCarthy,If Tomorrow Comes
Francis X. McCarthy,That Was Then... This Is Now
Francis X. McCarthy,Hill Street Blues
Francis X. McCarthy,Moonlighting
Francis X. McCarthy,Summer Rental
Francis X. McCarthy,Command 5
Francis X. McCarthy,Brothers-in-Law
Francis X. McCarthy,MacGruder and Loud
Bill Irwin,The Adventures of Pete & Pete
Bill Irwin,Water Ride
Bill Irwin,Monte Video
Bill Irwin,Sister Act 2: Back in the Habit
Bill Irwin,Tribeca
Bill Irwin,Manhattan by Numbers
Bill Irwin,Great Performances
Bill Irwin,Silent Tongue
Michael Caine,The Two-Headed Spy
Michael Caine,Blind Spot
Michael Caine,BBC Sunday-Night Theatre
Michael Caine,The Key
Michael Caine,A Woman of Mystery
Matthew McConaughey,Eastbound & Down
Matthew McConaughey,Killer Joe
Matthew McConaughey,Bernie
Matthew McConaughey,The Lincoln Lawyer
Matthew McConaughey,Ghosts of Girlfriends Past
Matthew McConaughey,"Surfer, Dude"
Matthew McConaughey,Tropic Thunder
Matthew McConaughey,Fool's Gold
Ellen Burstyn,The Mighty Macs
Ellen Burstyn,The Velveteen Rabbit
Ellen Burstyn,W.
Ellen Burstyn,Law & Order: Special Victims Unit
Ellen Burstyn,The Loss of a Teardrop Diamond
Ellen Burstyn,"Lovely, Still"
Ellen Burstyn,Mitch Albom's for One More Day
Ellen Burstyn,The Stone Angel
Ellen Burstyn,The Book of Daniel
Francis X. McCarthy,St. Elsewhere
Francis X. McCarthy,Tuff Turf
Francis X. McCarthy,Hardcastle and McCormick
Francis X. McCarthy,Ernie Kovacs: Between the Laughter
Francis X. McCarthy,Whiz Kids
Francis X. McCarthy,Riptide
Bill Irwin,Northern Exposure
Bill Irwin,The Last Mile
Bill Irwin,Stepping Out
Bill Irwin,Hot Shots!
Bill Irwin,Scenes from a Mall
Bill Irwin,The Circus
Bill Irwin,My Blue Heaven
Bill Irwin,Eight Men Out
Bill Irwin,A New Life
Bryan Stamp,A Few Rubber Bands More
Kristian Van der Heyden,Spaghetti
Michael Caine,The Vise
Michael Caine,Navy Log
Michael Caine,Carve Her Name with Pride
Michael Caine,Mister Charlesworth
Michael Caine,Escape
Michael Caine,How to Murder a Rich Uncle
Michael Caine,The Steel Bayonet
Michael Caine,Blood Money
Matthew McConaughey,We Are Marshall
Matthew McConaughey,Failure to Launch
Matthew McConaughey,Two for the Money
Matthew McConaughey,Magnificent Desolation: Walking on the Moon
Matthew McConaughey,Sahara
Ellen Burstyn,30 Days
Ellen Burstyn,The Fountain
Ellen Burstyn,The Wicker Man
Ellen Burstyn,The Elephant King
Ellen Burstyn,Mrs. Harris
Ellen Burstyn,Our Fathers
Ellen Burstyn,The Five People You Meet in Heaven
Francis X. McCarthy,Happy Endings
Francis X. McCarthy,Carpool
Francis X. McCarthy,The Man with Two Brains
Francis X. McCarthy,Reaching Out
Francis X. McCarthy,Cagney & Lacey
Bill Irwin,The Cosby Show
Bill Irwin,The Regard of Flight
Bill Irwin,Saturday Night Live
Bill Irwin,The Dancing Man
Bill Irwin,Popeye
Bill Irwin,Struck by Lightning
David Oyelowo,Sweet Thunder
Bryan Stamp,Grape Expectations
Bryan Stamp,9 Ways to Hell
Bryan Stamp,Chronicles
Bryan Stamp,Group Lotto
Bryan Stamp,RxD
Bryan Stamp,What Wish?
Bryan Stamp,The Ghost Busters: Noir
Bryan Stamp,Fear and Loathing in Ghost Vegas
Bryan Stamp,Not Ghostbusters: The 23 Directors' Cut
Bryan Stamp,Ted 2
Kristian Van der Heyden,Belching 37
Kristian Van der Heyden,Accidental Muse
Kristian Van der Heyden,Interstellar
Kristian Van der Heyden,American Conquest
Kristian Van der Heyden,A Hong Kong Opera
Michael Caine,The Crime of the Century
Michael Caine,The Adventures of Sir Lancelot
Michael Caine,Hell in Korea
Michael Caine,Panic in the Parlor
Michael Caine,Morning Departure
Matthew McConaughey,Paparazzi
Matthew McConaughey,Freedom: A History of US
Matthew McConaughey,How to Lose a Guy in 10 Days
Matthew McConaughey,Tiptoes
Matthew McConaughey,Reign of Fire
Matthew McConaughey,Frailty
Matthew McConaughey,Thirteen Conversations About One Thing
Matthew McConaughey,The Wedding Planner
Ellen Burstyn,The Madam's Family: The Truth About the Canal Street Brothel
Ellen Burstyn,Brush with Fate
Ellen Burstyn,That's Life
Ellen Burstyn,Red Dragon
Ellen Burstyn,Distance
Ellen Burstyn,Divine Secrets of the Ya-Ya Sisterhood
Ellen Burstyn,Within These Walls
Ellen Burstyn,Dodson's Journey
Francis X. McCarthy,Blood Feud
Francis X. McCarthy,The Sting II
Francis X. McCarthy,Cheers
Francis X. McCarthy,Farrell for the People
Francis X. McCarthy,Dead Men Don't Wear Plaid
Francis X. McCarthy,The Love Boat
Francis X. McCarthy,Twilight Theater
David Oyelowo,The Rocketeers
David Oyelowo,Wool
David Oyelowo,Solitary
David Oyelowo,See How They Run
David Oyelowo,Ten Percent
David Oyelowo,Bass Reeves
David Oyelowo,Pandemica
David Oyelowo,The Girl Before
Bryan Stamp,The Wedding Ringer
Bryan Stamp,Interstellar
Bryan Stamp,Million Dollar Arm
Bryan Stamp,Transcendence
Bryan Stamp,Mixology
Bryan Stamp,Android Cop
Bryan Stamp,Community
Bryan Stamp,Shameless
Bryan Stamp,Defending Santa
Kristian Van der Heyden,Symbiosis
Kristian Van der Heyden,What About American History
Kristian Van der Heyden,A Documentary
Kristian Van der Heyden,Belching
Kristian Van der Heyden,In the Fade
Kristian Van der Heyden,Spoed
Kristian Van der Heyden,Zone stad
John Lithgow,The Untitled Cabrini Film
Matthew McConaughey,Sex and the City
Matthew McConaughey,U-571
Matthew McConaughey,Bonne Nuit
Matthew McConaughey,Edtv
Matthew McConaughey,King of the Hill
Matthew McConaughey,The Rebel
Matthew McConaughey,Welcome to Hollywood
Matthew McConaughey,Making Sandwiches
Matthew McConaughey,The Newton Boys
Matthew McConaughey,Amistad
Ellen Burstyn,Mermaid
Ellen Burstyn,Requiem for a Dream
Ellen Burstyn,The Yards
Ellen Burstyn,Walking Across Egypt
Ellen Burstyn,Night Ride Home
Ellen Burstyn,Playing by Heart
Francis X. McCarthy,The Greatest American Hero
Francis X. McCarthy,Pennies from Heaven
Francis X. McCarthy,McClain's Law
Francis X. McCarthy,Zoot Suit
Francis X. McCarthy,Cutter's Way
Francis X. McCarthy,Hellinger's Law
Francis X. McCarthy,Altered States
Francis X. McCarthy,Alcatraz: The Whole Shocking Story
Francis X. McCarthy,All God's Children
David Oyelowo,Peter Rabbit 2: The Runaway
David Oyelowo,Chaos Walking
David Oyelowo,The Midnight Sky
David Oyelowo,The Bastard King
David Oyelowo,The Water Man
David Oyelowo,Home Movie: The Princess Bride
David Oyelowo,Come Away
David Oyelowo,The Tiger Who Came to Tea
David Oyelowo,The Lion Guard
David Oyelowo,Brave Girl Rising
Bryan Stamp,Revenge
Bryan Stamp,2 Broke Girls
Bryan Stamp,Glee
Bryan Stamp,Criminal Minds
Bryan Stamp,CSI: Crime Scene Investigation
Bryan Stamp,Hit the Floor
Bryan Stamp,Jodi Arias: Dirty Little Secret
Bryan Stamp,The Client List
John Lithgow,Killers of the Flower Moon
John Lithgow,Sharper
John Lithgow,The Old Man
John Lithgow,The Simpsons
John Lithgow,The Bubble
John Lithgow,Dexter: New Blood
Matthew McConaughey,Contact
Matthew McConaughey,John Mellencamp: Key West Intermezzo (I Saw You First)
Matthew McConaughey,Larger Than Life
Matthew McConaughey,A Time to Kill
Matthew McConaughey,Lone Star
Matthew McConaughey,Judgement
Matthew McConaughey,Submission
Ellen Burstyn,A Will of Their Own
Ellen Burstyn,You Can Thank Me Later
Ellen Burstyn,The Patron Saint of Liars
Ellen Burstyn,The Wonderful World of Disney
Ellen Burstyn,Deceiver
Ellen Burstyn,A Deadly Vision
Francis X. McCarthy,The Rockford Files
Francis X. McCarthy,The French Atlantic Affair
Francis X. McCarthy,Blind Ambition
Francis X. McCarthy,Kaz
Francis X. McCarthy,Backstairs at the White House
Francis X. McCarthy,A Last Cry for Help
David Oyelowo,Les Misérables
David Oyelowo,Don't Let Go
David Oyelowo,Gringo
David Oyelowo,Star Wars: Rebels
David Oyelowo,A Wrinkle in Time
David Oyelowo,The Cloverfield Paradox
David Oyelowo,Jay Z: Family Feud ft. Beyoncé
David Oyelowo,Queen of Katwe
David Oyelowo,A United Kingdom
Bryan Stamp,Go On
Bryan Stamp,The Big Bang Theory
John Lithgow,Wolfboy and the Everything Factory
John Lithgow,Perry Mason
John Lithgow,The Sandman
John Lithgow,The Late Show with Stephen Colbert
John Lithgow,Bombshell
John Lithgow,The Crown
John Lithgow,The Tale of Timmy Baterman
John Lithgow,The Investigation: A Search for the Truth in Ten Acts
John Lithgow,Live in Front of a Studio Audience
John Lithgow,Pet Sematary
Matthew McConaughey,Scorpion Spring
Matthew McConaughey,Glory Daze
Matthew McConaughey,Boys on the Side
Matthew McConaughey,Daniel Johnston: Life in Vain
Matthew McConaughey,Angels in the Outfield
Matthew McConaughey,Texas Chainsaw Massacre: The Next Generation
Ellen Burstyn,Cross the Line
Ellen Burstyn,Timepiece
Ellen Burstyn,"Our Son, the Matchmaker"
Ellen Burstyn,The Spitfire Grill
Ellen Burstyn,How to Make an American Quilt
David Oyelowo,Nina
David Oyelowo,Black Knight Decoded
David Oyelowo,Captive
David Oyelowo,Five Nights in Maine
David Oyelowo,Star Wars: Rebels - Recon Missions
David Oyelowo,9 Kisses
David Oyelowo,Selma
David Oyelowo,A Most Violent Year
David Oyelowo,Interstellar
John Lithgow,The Tomorrow Man
John Lithgow,Late Night
John Lithgow,Last Week Tonight with John Oliver
John Lithgow,Pitch Perfect 3
John Lithgow,Daddy's Home 2
John Lithgow,Trial & Error
John Lithgow,Trial & Error: Mystery Now
John Lithgow,Beatriz at Dinner
Matthew McConaughey,My Boyfriend's Back
Matthew McConaughey,Dazed and Confused
Matthew McConaughey,Trisha Yearwood feat. Don Henley: Walkaway Joe
Matthew McConaughey,Unsolved Mysteries
Ellen Burstyn,The Baby-Sitters Club
Ellen Burstyn,Follow the River
Ellen Burstyn,My Brother's Keeper
Ellen Burstyn,Roommates
Ellen Burstyn,Trick of the Eye
Ellen Burstyn,Getting Gotti
Ellen Burstyn,When a Man Loves a Woman
Ellen Burstyn,Getting Out
Ellen Burstyn,The Roots of Roe
David Oyelowo,Default
David Oyelowo,Robot Chicken
David Oyelowo,Nightingale
David Oyelowo,206
David Oyelowo,Lee Daniels' The Butler
David Oyelowo,Complicit
David Oyelowo,Jack Reacher
David Oyelowo,Lincoln
David Oyelowo,The Paperboy
David Oyelowo,Middle of Nowhere
John Lithgow,Miss Sloane
John Lithgow,The Accountant
John Lithgow,Louie
John Lithgow,9 Kisses
John Lithgow,The Jungle Bunch 2: The Great Treasure Quest
John Lithgow,Interstellar
John Lithgow,Drunk History
John Lithgow,The Homesman
Ellen Burstyn,Shattered Trust: The Shari Karney Story
Ellen Burstyn,The Cemetery Club
Ellen Burstyn,Taking Back My Life: The Nancy Ziegenmeyer Story
Ellen Burstyn,Grand Isle
Ellen Burstyn,Dying Young
Ellen Burstyn,Mrs. Lambert Remembers Love
Ellen Burstyn,The Color of Evening
Ellen Burstyn,When You Remember Me
Benjamin Pitz,Time Out
David Oyelowo,Red Tails
David Oyelowo,Rahab
David Oyelowo,96 Minutes
David Oyelowo,The Help
David Oyelowo,Rise of the Planet of the Apes
David Oyelowo,Glenn Martin DDS
David Oyelowo,The Good Wife
David Oyelowo,Change in the Wind
Marlon Sanders,She'll Be Back
Joseph Oliveira,Midnight Butterflies
John Lithgow,Once Upon a Time in Wonderland
John Lithgow,How I Met Your Mother
John Lithgow,Love Is Strange
John Lithgow,Timms Valley
John Lithgow,National Theatre Live: The Magistrate
John Lithgow,This Is 40
John Lithgow,Shrek's Thrilling Tales
John Lithgow,The Campaign
Ellen Burstyn,Hanna's War
Ellen Burstyn,Look Away
Ellen Burstyn,Dear America: Letters Home from Vietnam
Ellen Burstyn,The Ellen Burstyn Show
Ellen Burstyn,Pack of Lies
Ellen Burstyn,Something in Common
Ellen Burstyn,Act of Vengeance
Ellen Burstyn,Into Thin Air
Ellen Burstyn,Twice in a Lifetime
Benjamin Pitz,Ambulance
Benjamin Pitz,Popstar: Never Stop Never Stopping
Benjamin Pitz,Telenovela
Benjamin Pitz,Secret in Their Eyes
Benjamin Pitz,Code Black
Benjamin Pitz,Masters of Sex
Benjamin Pitz,The Last Ship
Benjamin Pitz,Silicon Valley
Benjamin Pitz,Mad Men
David Oyelowo,Blood and Oil
David Oyelowo,Small Island
David Oyelowo,Rage
David Oyelowo,Who Do You Love
David Oyelowo,Sweet Nothing in My Ear
David Oyelowo,The No. 1 Ladies' Detective Agency
David Oyelowo,The Passion
David Oyelowo,A Raisin in the Sun
Marlon Sanders,Goliath
Marlon Sanders,God's Fool
Marlon Sanders,Tilt
Marlon Sanders,2morrow
Marlon Sanders,Mirror Image
Marlon Sanders,The Orville
Marlon Sanders,Home Entertainment
Marlon Sanders,Clips
Marlon Sanders,Extra Starch
Derek McEntire,Nightfall
Joseph Oliveira,The Hunchback of the Lighthouse
Joseph Oliveira,The Hunt for the White Dove
Joseph Oliveira,Higher Methods
Joseph Oliveira,I Am Monroe?
Joseph Oliveira,Eyes
Joseph Oliveira,Broken Soldier
Joseph Oliveira,Don't Look Up
Joseph Oliveira,Plaga Zombie: American Invasion
Joseph Oliveira,Free Guy
Joseph Oliveira,Oddity
Joseph Oliveira,"Love, Weddings & Other Disasters"
John Lithgow,Spells
John Lithgow,The Jungle Bunch: The Movie
John Lithgow,New Year's Eve
John Lithgow,Rise of the Planet of the Apes
John Lithgow,Leap Year
John Lithgow,Dexter
John Lithgow,The Macabre World of Lavender Williams
John Lithgow,30 Rock
John Lithgow,Confessions of a Shopaholic
John Lithgow,Twenty Good Years
John Lithgow,Paloozaville
Ellen Burstyn,Surviving
Ellen Burstyn,The Ambassador
Ellen Burstyn,Silence of the North
Ellen Burstyn,The People vs. Jean Harris
Ellen Burstyn,Resurrection
Ellen Burstyn,"Same Time, Next Year"
Ellen Burstyn,A Dream of Passion
Ellen Burstyn,Providence
Ellen Burstyn,Alice Doesn't Live Here Anymore
Ellen Burstyn,Harry and Tonto
Ellen Burstyn,Thursday's Game
Benjamin Pitz,Castle
Benjamin Pitz,Beautiful & Twisted
Benjamin Pitz,Workaholics
Benjamin Pitz,Scorpion
Benjamin Pitz,Cocked
David Oyelowo,Spooks Interactive
David Oyelowo,Five Days: Revised Final Episode
David Oyelowo,Five Days
David Oyelowo,Born Equal
David Oyelowo,As You Like It
David Oyelowo,The Last King of Scotland
David Oyelowo,The Gil Mayo Mysteries
Marlon Sanders,The Juice Bar
Marlon Sanders,Con/Vict
Marlon Sanders,The Forgiven
Marlon Sanders,KarMa
Marlon Sanders,Interstellar
Marlon Sanders,Shameless
Marlon Sanders,NCIS
Derek McEntire,Everyone I Love Is Dead
Derek McEntire,Why Him?
Derek McEntire,Hysperia
Derek McEntire,Interstellar
Derek McEntire,Tag Out
Derek McEntire,NCIS
Derek McEntire,Neighbors
Derek McEntire,The Spoils of Babylon
Derek McEntire,Eagleheart
Joseph Oliveira,Tehran
Joseph Oliveira,Defending Jacob
Joseph Oliveira,Spenser Confidential
Joseph Oliveira,Primal
Joseph Oliveira,The Irishman
Joseph Oliveira,Jungleland
Joseph Oliveira,City on a Hill
Joseph Oliveira,NOS4A2
John Lithgow,Dreamgirls
John Lithgow,Nova
John Lithgow,Einstein's Big Idea
John Lithgow,Kinsey
John Lithgow,The Life and Death of Peter Sellers
John Lithgow,"My Life, Inc."
John Lithgow,"Bark, George"
John Lithgow,Freedom: A History of US
John Lithgow,Shrek: The Ghost of Lord Farquaad
Ellen Burstyn,The Exorcist
Ellen Burstyn,The King of Marvin Gardens
Ellen Burstyn,The Bold Ones: The Lawyers
Ellen Burstyn,Gunsmoke
Ellen Burstyn,The Last Picture Show
Ellen Burstyn,Alex in Wonderland
Ellen Burstyn,Tropic of Cancer
Benjamin Pitz,New Girl
Benjamin Pitz,Horrible Bosses 2
Benjamin Pitz,Interstellar
Benjamin Pitz,Scandal
Benjamin Pitz,Partners
Benjamin Pitz,Sex Tape
Benjamin Pitz,CSI: Crime Scene Investigation
Benjamin Pitz,Glee
David Oyelowo,Shoot the Messenger
David Oyelowo,American Blend
David Oyelowo,As Time Goes By
David Oyelowo,It's a Boy!
David Oyelowo,Derailed
Marlon Sanders,Gone Are the Days
Marlon Sanders,Sons of Anarchy
Marlon Sanders,Southland
Marlon Sanders,Real Husbands of Hollywood
Marlon Sanders,The Last Decision of President Duo
Marlon Sanders,Between the Crosshairs
Derek McEntire,Jane by Design
Derek McEntire,Happy Hour Sketch Comedy
Derek McEntire,State of Georgia
Derek McEntire,Operation Repo
Derek McEntire,Bad Excuse
Joseph Oliveira,Only
Joseph Oliveira,Fairfield Follies
Joseph Oliveira,Suspicion
Joseph Oliveira,Alone We Fight
Joseph Oliveira,Blue Bloods
Joseph Oliveira,Randy's Canvas
Joseph Oliveira,Castle Rock
Joseph Oliveira,The Equalizer 2
John Lithgow,Orange County
John Lithgow,Shrek in the Swamp Karaoke Dance Party
John Lithgow,3rd Rock from the Sun
John Lithgow,Shrek
Ellen Burstyn,Insight
Ellen Burstyn,Pit Stop
Ellen Burstyn,The Virginian
Ellen Burstyn,Iron Horse
Benjamin Pitz,Revenge
Benjamin Pitz,Parks and Recreation
Benjamin Pitz,Brooklyn Nine-Nine
Benjamin Pitz,Growing Up Fisher
Benjamin Pitz,Bones
David Oyelowo,Unhitched
David Oyelowo,A Sound of Thunder
David Oyelowo,MI-5
David Oyelowo,End of the Line
David Oyelowo,Tomorrow La Scala!
David Oyelowo,Circles
Joseph Oliveira,Deep of the Sea
John Lithgow,C-Scam
John Lithgow,Rugrats in Paris
John Lithgow,Don Quixote
John Lithgow,Cosby
John Lithgow,A Civil Action
John Lithgow,Homegrown
John Lithgow,Johnny Skidmarks
John Lithgow,Officer Buckle and Gloria
John Lithgow,Star Wars: Return of the Jedi - The Original Radio Drama
John Lithgow,Hollow Point
Ellen Burstyn,The Big Valley
Ellen Burstyn,The Time Tunnel
Ellen Burstyn,The Doctors
Ellen Burstyn,For the People
Ellen Burstyn,Goodbye Charlie
Ellen Burstyn,For Those Who Think Young
Alexander Lu,The Blair Kits Project
Ryan Irving,DC's Legends of Tomorrow
Benjamin Pitz,The Mindy Project
Benjamin Pitz,Touch of Love
Benjamin Pitz,Gettysburg
David Oyelowo,Dog Eat Dog
David Oyelowo,Brothers and Sisters
David Oyelowo,Maisie Raine
Joseph Oliveira,American Woman
Joseph Oliveira,Suspicious
Joseph Oliveira,I Feel Pretty
Joseph Oliveira,The Beaumonts
Joseph Oliveira,The Catcher Was a Spy
Joseph Oliveira,Proud Mary
Joseph Oliveira,Fraternitas
John Lithgow,The Tuskegee Airmen
John Lithgow,Redwood Curtain
John Lithgow,Frasier
John Lithgow,My Brother's Keeper
John Lithgow,Tales from the Crypt
John Lithgow,Silent Fall
John Lithgow,Princess Caraboo
John Lithgow,A Good Man in Africa
John Lithgow,World War II: When Lions Roared
Ellen Burstyn,Death Valley Days
Ellen Burstyn,The Greatest Show on Earth
Ellen Burstyn,Bob Hope Presents the Chrysler Theatre
Ellen Burstyn,Kraft Suspense Theatre
Ellen Burstyn,The Big Brain
Ellen Burstyn,Vacation Playhouse
Ellen Burstyn,Wagon Train
Alexander Lu,Tomorrowland
Alexander Lu,Interstellar
Alexander Lu,Boyhood
Ryan Irving,Zoey's Extraordinary Playlist
Ryan Irving,Bark
Ryan Irving,Red Letter Day
Ryan Irving,Memento Mori
Ryan Irving,Hold the Dark
Ryan Irving,Dave
Ryan Irving,Wynonna Earp
Joseph Oliveira,Daddy's Home 2
Joseph Oliveira,November Criminals
Joseph Oliveira,Surviving Saving Christmas
Joseph Oliveira,The Cars That Made America
Joseph Oliveira,Pirates of the Caribbean: Dead Men Tell No Tales
Joseph Oliveira,Sunny Side Up
Joseph Oliveira,Painless
John Lithgow,The Country Mouse & the City Mouse: A Christmas Tale
John Lithgow,"Love, Cheat & Steal"
John Lithgow,The Pelican Brief
John Lithgow,Cliffhanger
John Lithgow,The Wrong Man
John Lithgow,Sylvester and the Magic Pebble
John Lithgow,Raising Cain
Ellen Burstyn,Going My Way
Ellen Burstyn,The Defenders
Ellen Burstyn,77 Sunset Strip
Ellen Burstyn,Laramie
Ellen Burstyn,The Real McCoys
Ellen Burstyn,Perry Mason
Ryan Irving,League of Bronze
Ryan Irving,Lazarus
Ryan Irving,12:56 am
Ryan Irving,Writers Circle
Ryan Irving,Season of the Wolf
Ryan Irving,Heritage Minutes
Ryan Irving,Interstellar
Ryan Irving,A Dark Winter's Night
Ryan Irving,Goodbye Moment
Ryan Irving,American Virgins
Joseph Oliveira,The Polka King
Joseph Oliveira,Bleed for This
Joseph Oliveira,Ghostbusters
Joseph Oliveira,Central Intelligence
Joseph Oliveira,The Congressman
John Lithgow,Yertle the Turtle and Other Stories
John Lithgow,At Play in the Fields of the Lord
John Lithgow,Ricochet
John Lithgow,The Boys
John Lithgow,L.A. Story
John Lithgow,Memphis Belle
John Lithgow,Ivory Hunters
Benjamin Hardy,Side Effects
Ellen Burstyn,The Many Loves of Dobie Gillis
Ellen Burstyn,"I'm Dickens, He's Fenster"
Ellen Burstyn,Ben Casey
Ellen Burstyn,Kraft Mystery Theater
Ellen Burstyn,Checkmate
Ellen Burstyn,The Detectives
Joseph Oliveira,This Time Each Year
Joseph Oliveira,Prisoners of Time
Joseph Oliveira,The Finest Hours
Joseph Oliveira,Christine
Joseph Oliveira,Broad Squad
Joseph Oliveira,The Nexum Agency
Joseph Oliveira,Silence
Joseph Oliveira,Black Mass
John Lithgow,Kid-Size Concert
John Lithgow,Traveling Man
John Lithgow,Out Cold
John Lithgow,Distant Thunder
John Lithgow,Harry and the Hendersons
Benjamin Hardy,Cogs
Benjamin Hardy,Voodoo Macbeth
Benjamin Hardy,Gossip Boy
Benjamin Hardy,Lemon Drop
Benjamin Hardy,The Henchblog
Benjamin Hardy,Barry
Benjamin Hardy,Adolf Silverstein
Benjamin Hardy,5th Passenger
Benjamin Hardy,The Mad Whale
Benjamin Hardy,Calvari
Ellen Burstyn,Bus Stop
Ellen Burstyn,Cheyenne
Ellen Burstyn,Dr. Kildare
Ellen Burstyn,The Dick Powell Theatre
Ellen Burstyn,Surfside 6
Ellen Burstyn,The Loretta Young Show
Ellen Burstyn,Michael Shayne
Joseph Oliveira,Spotlight
Joseph Oliveira,A Date with Miss Fortune
Joseph Oliveira,The Runner
Joseph Oliveira,Fantastic Four
Joseph Oliveira,Ascendants: The Raven
Joseph Oliveira,Family Problems
Joseph Oliveira,Ted 2
John Lithgow,Baby Girl Scott
John Lithgow,The Manhattan Project
John Lithgow,Amazing Stories
John Lithgow,Resting Place
John Lithgow,Santa Claus: The Movie
John Lithgow,Mesmerized
John Lithgow,The Amazing Bone
John Lithgow,2010: The Year We Make Contact
John Lithgow,The Glitter Dome
John Lithgow,The Adventures of Buckaroo Banzai Across the 8th Dimension
John Lithgow,Footloose
Alexander Michael Helisek,This Is Us
Benjamin Hardy,The Castro Vegas Show
Benjamin Hardy,The Goodbye Girl
Benjamin Hardy,AbsurdTV Show
Benjamin Hardy,F#@K I Love U
Benjamin Hardy,Attraction
Benjamin Hardy,Steph and Lance: Pot Holders
Benjamin Hardy,Interstellar
Ellen Burstyn,The DuPont Show of the Month
Ellen Burstyn,The Christmas Tree
Ellen Burstyn,Kraft Theatre
Joseph Oliveira,Frank and Cindy
Joseph Oliveira,Southpaw
Joseph Oliveira,Please Punish Me
Joseph Oliveira,Aloha
Joseph Oliveira,San Andreas
John Lithgow,Faerie Tale Theatre
John Lithgow,Terms of Endearment
John Lithgow,The Day After
John Lithgow,Twilight Zone: The Movie
John Lithgow,Star Wars: The Empire Strikes Back - The Original Radio Drama
John Lithgow,Not in Front of the Children
John Lithgow,The World According to Garp
Alexander Michael Helisek,Grey's Anatomy
Alexander Michael Helisek,Hard Visit
Alexander Michael Helisek,Silicon Valley
Alexander Michael Helisek,Desert Drive
Alexander Michael Helisek,2 Broke Girls
Alexander Michael Helisek,Sanctity
Alexander Michael Helisek,My Father's Teeth
Benjamin Hardy,Christian Mingle
Benjamin Hardy,Love & Mercy
Benjamin Hardy,VainGlorious
Joseph Oliveira,The Sea of Trees
Joseph Oliveira,Irrational Man
Joseph Oliveira,Against the Jab
Joseph Oliveira,American Odyssey
Joseph Oliveira,Get Hard
Joseph Oliveira,Subconscious
John Lithgow,I'm Dancing as Fast as I Can
John Lithgow,Blow Out
John Lithgow,Big Blonde
John Lithgow,"Mom, the Wolfman and Me"
John Lithgow,The Oldest Living Graduate
John Lithgow,All That Jazz
John Lithgow,Rich Kids
John Lithgow,The Big Fix
John Lithgow,Great Performances
Alexander Michael Helisek,The Last Ship
Alexander Michael Helisek,Frank Flutie
Alexander Michael Helisek,Interstellar
Alexander Michael Helisek,Vintage Vehicle
Alexander Michael Helisek,Gone Girl
Alexander Michael Helisek,Lack of Cockery
Alexander Michael Helisek,Hollywood Positive +
Alexander Michael Helisek,It's Dark Here
Alexander Michael Helisek,The List
Joseph Oliveira,Unfinished Business
Joseph Oliveira,The Gunman
Joseph Oliveira,Cop Car
Joseph Oliveira,Mississippi Grind
Joseph Oliveira,Caped Crusader: The Dark Hours
Joseph Oliveira,Permanent
Joseph Oliveira,Gilgamesh
Joseph Oliveira,American Sniper
William Patrick Brown,Viral
John Lithgow,Obsession
John Lithgow,The Country Girl
John Lithgow,Dealing: Or the Berkeley-to-Boston Forty-Brick Lost-Bag Blues
Alexander Michael Helisek,Teen Wolf
Alexander Michael Helisek,Mad Men
Alexander Michael Helisek,CSI: Crime Scene Investigation
Alexander Michael Helisek,Virgin Eyes
Joseph Oliveira,Selma
Joseph Oliveira,The Folklorist
Joseph Oliveira,Interstellar
Joseph Oliveira,Left Behind
Joseph Oliveira,John Wick
William Patrick Brown,Work Mom
William Patrick Brown,The Gambler
William Patrick Brown,Interstellar
William Patrick Brown,Mighty Med
William Patrick Brown,Hart of Dixie
William Patrick Brown,The Mindy Project
William Patrick Brown,The Undershepherd
Joseph Oliveira,The Forger
Joseph Oliveira,The Equalizer
Joseph Oliveira,The Judge
Joseph Oliveira,Olive Kitteridge
Joseph Oliveira,The Imitation Game
Joseph Oliveira,The Dark Horse
Joseph Oliveira,Sex Tape
William Patrick Brown,Rules of Engagement
William Patrick Brown,Jane by Design
William Patrick Brown,The Night of Joe
William Patrick Brown,Friends with Benefits
Cici Leah Campbell,To Tell the Truth
Joseph Oliveira,Empire State
Joseph Oliveira,Heart of Faith
Joseph Oliveira,Edge of Tomorrow
Joseph Oliveira,Future Justice
Joseph Oliveira,In the Blood
Joseph Oliveira,Son of God
William Patrick Brown,Love Bites
William Patrick Brown,Glory Daze
William Patrick Brown,The Whole Truth
William Patrick Brown,90210
Cici Leah Campbell,Killing Hasselhoff
Cici Leah Campbell,Check It Out! with Dr. Steve Brule
Cici Leah Campbell,Childrens Hospital
Cici Leah Campbell,Shameless
Cici Leah Campbell,It's Always Sunny in Philadelphia
Cici Leah Campbell,Colony
Cici Leah Campbell,Los
Joseph Oliveira,Whiplash
Joseph Oliveira,Invasion of the Sugar Zombies
Joseph Oliveira,Red Circles
Joseph Oliveira,Prisoners of the Sun
Joseph Oliveira,The Wolf of Wall Street
Joseph Oliveira,Santa Switch
Joseph Oliveira,American Hustle
Russ Fega,Interstellar
William Patrick Brown,Chuck
William Patrick Brown,Law & Order: LA
Cici Leah Campbell,Crazy Ex-Girlfriend
Cici Leah Campbell,The League
Cici Leah Campbell,How to Get Away with Murder
Cici Leah Campbell,The Last Ship
Brooke Smith,Class of '09
Joseph Oliveira,Frank the Bastard
Joseph Oliveira,Normal
Joseph Oliveira,Stoop
Joseph Oliveira,Fairy Tales: Sunday Night at the Club
Joseph Oliveira,Prisoner
Joseph Oliveira,Prisoners
Russ Fega,The Dark Knight Rises
Russ Fega,Inception
Russ Fega,Waiting
Russ Fega,The Prestige
Russ Fega,Madison Heights
Russ Fega,I Am Sam
Russ Fega,Rude Awakening
Cici Leah Campbell,True Detective
Cici Leah Campbell,Kirby Buckets
Brooke Smith,Prism
Brooke Smith,Donnybrook
Brooke Smith,Them
Brooke Smith,FBI: Most Wanted
Joseph Oliveira,Ascendants
Joseph Oliveira,Clear History
Joseph Oliveira,The Devil You Know
Joseph Oliveira,Killing Season
Joseph Oliveira,The Heat
Joseph Oliveira,Iron Man 3
Joseph Oliveira,Superman vs. Batman: When Heroes Collide
Russ Fega,Veronica's Closet
Russ Fega,Memento
Russ Fega,On Common Ground
Russ Fega,Judas Kiss
Russ Fega,Suddenly Susan
Russ Fega,D.A. Pursuit of Justice
Cici Leah Campbell,The Goldbergs
Cici Leah Campbell,Entitled
Cici Leah Campbell,Real Husbands of Hollywood
Cici Leah Campbell,Benched
Cici Leah Campbell,Interstellar
Cici Leah Campbell,Playing It Cool
Cici Leah Campbell,Partners
Troy Fyhn,Ability to Do
Brooke Smith,Big Sky
Brooke Smith,Chris Watts: Confessions of a Killer
Brooke Smith,Bombshell
Brooke Smith,Unbelievable
Brooke Smith,The Good Fight
Brooke Smith,The Act
Joseph Oliveira,The Makeover
Joseph Oliveira,The East
Joseph Oliveira,Equalizer
Russ Fega,Sticks & Stones
Russ Fega,Star Trek: Voyager
Russ Fega,Pacific Blue
Russ Fega,Things I Never Told You
Russ Fega,The Naked Truth
Cici Leah Campbell,Pretty Little Liars
Cici Leah Campbell,Major Crimes
Cici Leah Campbell,Gang Related
Cici Leah Campbell,Earth to Echo
Cici Leah Campbell,Jersey Boys
Cici Leah Campbell,Criminal Minds
Cici Leah Campbell,Justified
Troy Fyhn,Observer
Troy Fyhn,Coconut Breezey
Troy Fyhn,Play Party: An Educational Orgy
Troy Fyhn,The Ghost Tank
Troy Fyhn,Heyoka's Mirror: Asylum
Troy Fyhn,Pole with Paula
Troy Fyhn,Under Pressure
Troy Fyhn,Fakeland
Brooke Smith,Project Blue Book
Brooke Smith,Chicago Med
Brooke Smith,The Good Doctor
Brooke Smith,Blood Clots
Brooke Smith,The Crossing
Brooke Smith,Dude
Brooke Smith,Supergirl
Joseph Oliveira,Rise of the Zombies
Joseph Oliveira,Transsexuals from Space
Joseph Oliveira,Battle Lords
Joseph Oliveira,Plaga Zombie: Zona Mutante: Revolución Tóxica
Joseph Oliveira,Exhumed
Russ Fega,Mother
Russ Fega,Galaxis
Russ Fega,Babylon 5
Russ Fega,Love & War
Russ Fega,The Micronots!
Russ Fega,Empty Nest
Russ Fega,Tequila and Bonetti
Cici Leah Campbell,The Big Bang Theory
Cici Leah Campbell,Whiplash
Cici Leah Campbell,New Girl
Cici Leah Campbell,Key and Peele
Cici Leah Campbell,Drunk History
Troy Fyhn,Once Upon a Date
Troy Fyhn,Night of the Shadow People
Troy Fyhn,Horse Mask
Brooke Smith,The Angry River
Brooke Smith,Bates Motel
Brooke Smith,Bosch
Brooke Smith,Hand of God
Brooke Smith,To the Bone
Elyes Gabel,Game Show Hurt
Joseph Oliveira,De la B a la Z
Joseph Oliveira,Boston's Finest
Joseph Oliveira,Stiffs
Joseph Oliveira,The Candidate
Joseph Oliveira,Madso's War
Joseph Oliveira,The Fighter
Joseph Oliveira,The Town
Joseph Oliveira,Grown Ups
Joseph Oliveira,The House of the Devil
Joseph Oliveira,The Pink Panther 2
Joseph Oliveira,The Gates of Hell
Russ Fega,Prey of the Chameleon
Russ Fega,Mobsters
Russ Fega,Tales of the Unknown
Cici Leah Campbell,Jodi Arias: Dirty Little Secret
Cici Leah Campbell,Behind the Candelabra
Cici Leah Campbell,The Office
Cici Leah Campbell,American Horror Story
Cici Leah Campbell,Little in Common
Cici Leah Campbell,Prime Suspect
Troy Fyhn,Dr. Face
Troy Fyhn,The Great Fear
Brooke Smith,Broken Links
Brooke Smith,The Call of Charlie
Brooke Smith,Nashville
Brooke Smith,Stitchers
Brooke Smith,Ray Donovan
Brooke Smith,Day Out of Days
Elyes Gabel,Suspicion
Elyes Gabel,Justice League vs the Fatal Five
Elyes Gabel,Scorpion
Joseph Oliveira,The Dark Knight
Joseph Oliveira,Law & Order: Special Victims Unit
Joseph Oliveira,The Departed
Joseph Oliveira,Meet the Santas
Joseph Oliveira,Wedding Crashers
Joseph Oliveira,The Island
Joseph Oliveira,Mr. Deeds
Russ Fega,1st & Ten
Russ Fega,Unholy Matrimony
Russ Fega,"Murder, She Wrote"
Russ Fega,The Paper Chase
Russ Fega,Les enquêtes du commissaire Maigret
Cici Leah Campbell,Parks and Recreation
Cici Leah Campbell,Parenthood
Troy Fyhn,Agent 89
Troy Fyhn,Waking Up
Troy Fyhn,Private Dicks
Troy Fyhn,The Revenant
Troy Fyhn,"Five Bullets, Five Names"
Troy Fyhn,Interstellar
Brooke Smith,Road Hard
Brooke Smith,Interstellar
Brooke Smith,Labor Day
Brooke Smith,Graceland
Brooke Smith,American Horror Story
Brooke Smith,Law & Order: Special Victims Unit
Mark Casimir Dyniewicz Jr.,Night Court
Elyes Gabel,Exit Strategy
Elyes Gabel,MI-5
Elyes Gabel,The Messengers
Elyes Gabel,A Most Violent Year
Elyes Gabel,Interstellar
Elyes Gabel,World War Z
Elyes Gabel,Body of Proof
Elyes Gabel,Welcome to the Punch
Elyes Gabel,Widow Detective
Elyes Gabel,Silent Witness
Elyes Gabel,Game of Thrones
Elyes Gabel,Kingdom of Dust: Beheading of Adam Smith
Joseph Oliveira,Passionada
Joseph Oliveira,L.A. Law: The Movie
Joseph Oliveira,Changing Lanes
Joseph Oliveira,What's the Worst That Could Happen?
Joseph Oliveira,Keeping the Faith
Joseph Oliveira,American Psycho
Joseph Oliveira,True Lies
Joseph Oliveira,Savage Vengance
Joseph Oliveira,Pure Country
Joseph Oliveira,Goodfellas
Russ Fega,Used Cars
Troy Fyhn,Klondike
Troy Fyhn,Bluff
Troy Fyhn,The Scarlet Plague
Troy Fyhn,Hell on Wheels
Troy Fyhn,Passchendaele
Brooke Smith,The Aspern Papers
Brooke Smith,A Little Help
Brooke Smith,Fair Game
Brooke Smith,Criminal Minds
Brooke Smith,Grey's Anatomy
Brooke Smith,Weeds
Brooke Smith,Dirty Sexy Money
Brooke Smith,To Each His Own Cinema
Mark Casimir Dyniewicz Jr.,Invisible Lines
Mark Casimir Dyniewicz Jr.,Nope
Mark Casimir Dyniewicz Jr.,Thor: Love and Thunder
Mark Casimir Dyniewicz Jr.,Chip 'n' Dale: Rescue Rangers
Mark Casimir Dyniewicz Jr.,Father Stu
Mark Casimir Dyniewicz Jr.,To Leslie
Mark Casimir Dyniewicz Jr.,The Young and the Restless
Elyes Gabel,Psychoville
Elyes Gabel,Everywhere and Nowhere
Elyes Gabel,The Borgias
Elyes Gabel,Apache: Air Assault
Joseph Oliveira,Naked Vengeance
Joseph Oliveira,Out of the Darkness
Joseph Oliveira,Alamo Bay
Joseph Oliveira,Southern Comfort
Joseph Oliveira,The Last Shark
Brooke Smith,World Cinema
Brooke Smith,Crossing Jordan
Brooke Smith,Law & Order
Brooke Smith,The Namesake
Brooke Smith,Heist
Brooke Smith,In Her Shoes
Mark Casimir Dyniewicz Jr.,S.W.A.T.
Mark Casimir Dyniewicz Jr.,Ode to Harold
Mark Casimir Dyniewicz Jr.,Valley Girl
Mark Casimir Dyniewicz Jr.,Zeroville
Mark Casimir Dyniewicz Jr.,Criminal Minds
Elyes Gabel,Identity
Elyes Gabel,Waterloo Road
Elyes Gabel,Apparitions
Elyes Gabel,Dead Set
Elyes Gabel,Boogeyman 3
Elyes Gabel,Casualty
Joseph Oliveira,The Boys from Brazil
Joseph Oliveira,Black Sunday
Joseph Oliveira,Slap Shot
Joseph Oliveira,Nashville Girl
Joseph Oliveira,Jaws
Lena Georgas,Lola James
Brooke Smith,Shooting Vegetarians
Brooke Smith,Melinda and Melinda
Brooke Smith,Six Feet Under
Brooke Smith,Iron Jawed Angels
Mark Casimir Dyniewicz Jr.,Atypical
Mark Casimir Dyniewicz Jr.,I'm Dying Up Here
Mark Casimir Dyniewicz Jr.,Westworld
Mark Casimir Dyniewicz Jr.,The Late Late Show with James Corden
Elyes Gabel,Casualty @ Holby City
Elyes Gabel,Doctors
Elyes Gabel,I Love Mummy
Lena Georgas,Lucifer
Lena Georgas,All Rise
Lena Georgas,Dirty John
Lena Georgas,Westworld
Brooke Smith,For Earth Below
Brooke Smith,Bad Company
Brooke Smith,Law & Order: Criminal Intent
Brooke Smith,100 Centre Street
Brooke Smith,The Man Who Wasn't There
Mark Casimir Dyniewicz Jr.,Timeless
Mark Casimir Dyniewicz Jr.,Ellen Bond Secret Agent
Mark Casimir Dyniewicz Jr.,The Middle of Somewhere
Mark Casimir Dyniewicz Jr.,Lucifer
Griffen Fraser,Interstellar
Lena Georgas,Hawaii Five-0
Lena Georgas,Lethal Weapon
Lena Georgas,Queen Sugar
Lena Georgas,Scorpion
Lena Georgas,Rizzoli & Isles
Lena Georgas,Interstellar
Brooke Smith,Big Apple
Brooke Smith,Series 7: The Contenders
Brooke Smith,Eventual Wife
Brooke Smith,The Hunger
Brooke Smith,Random Hearts
Mark Casimir Dyniewicz Jr.,Agents of S.H.I.E.L.D.
Mark Casimir Dyniewicz Jr.,Wisdom of the Crowd
Mark Casimir Dyniewicz Jr.,NCIS
Mark Casimir Dyniewicz Jr.,Hand of God
Mark Casimir Dyniewicz Jr.,Check It Out! with Dr. Steve Brule
Mark Casimir Dyniewicz Jr.,Aquarius
Lena Georgas,NCIS
Lena Georgas,Ray Donovan
Lena Georgas,Prime Suspect
Lena Georgas,Refuge
Brooke Smith,Homicide: Life on the Street
Brooke Smith,Remembering Sex
Brooke Smith,The Broken Giant
Brooke Smith,The Larry Sanders Show
Brooke Smith,The Woman in the Moon
Mark Casimir Dyniewicz Jr.,The Nice Guys
Mark Casimir Dyniewicz Jr.,Togetherness
Mark Casimir Dyniewicz Jr.,History of the World... For Now
Mark Casimir Dyniewicz Jr.,Angie Tribeca
Mark Casimir Dyniewicz Jr.,The Hunger Games: Mockingjay - Part 2
Mark Casimir Dyniewicz Jr.,Review
Mark Casimir Dyniewicz Jr.,Bones
Flora Nolan,Interstellar
Lena Georgas,Flashforward
Lena Georgas,Numb3rs
Lena Georgas,Kingdom Hospital
Lena Georgas,Law & Order
Brooke Smith,Kansas City
Brooke Smith,Trees Lounge
Brooke Smith,Last Summer in the Hamptons
Brooke Smith,Vanya on 42nd Street
Brooke Smith,Mr. Wonderful
Brooke Smith,The Night We Never Met
Mark Casimir Dyniewicz Jr.,Frankenstein
Mark Casimir Dyniewicz Jr.,"Big Time in Hollywood, FL"
Mark Casimir Dyniewicz Jr.,Shameless
Mark Casimir Dyniewicz Jr.,NCIS: Los Angeles
Mark Casimir Dyniewicz Jr.,We Hate Paul Revere
Mark Casimir Dyniewicz Jr.,Scorpion
Lena Georgas,Law & Order: Special Victims Unit
Brooke Smith,The Pickle
Brooke Smith,The Silence of the Lambs
Brooke Smith,See You in the Morning
Brooke Smith,The Moderns
Brooke Smith,The Equalizer
Mark Casimir Dyniewicz Jr.,Interstellar
Mark Casimir Dyniewicz Jr.,Squatters
Mark Casimir Dyniewicz Jr.,Neighbors
Mark Casimir Dyniewicz Jr.,Low Down
Mark Casimir Dyniewicz Jr.,Eagleheart
Mark Casimir Dyniewicz Jr.,Awkward.
Topher Grace,Home Economics
Mark Casimir Dyniewicz Jr.,Key and Peele
Mark Casimir Dyniewicz Jr.,Sean Saves the World
Mark Casimir Dyniewicz Jr.,Sons of Anarchy
Mark Casimir Dyniewicz Jr.,It's Always Sunny in Philadelphia
Mark Casimir Dyniewicz Jr.,Crash & Bernstein
Topher Grace,Irresistible
Topher Grace,The Twilight Zone
Topher Grace,Black Mirror
Topher Grace,The Hot Zone: Anthrax
Topher Grace,Breakthrough
Topher Grace,"Love, Death & Robots"
Matt Damon,Oppenheimer
Mark Casimir Dyniewicz Jr.,This Is Bad News
Mark Casimir Dyniewicz Jr.,Living the Dream: Life of an Extra
Mark Casimir Dyniewicz Jr.,Castle
Mark Casimir Dyniewicz Jr.,American Horror Story
Mark Casimir Dyniewicz Jr.,Revenge
Mark Casimir Dyniewicz Jr.,Breaking the Girls
Mark Casimir Dyniewicz Jr.,Argo
Topher Grace,Mississippi Requiem
Topher Grace,Under the Silver Lake
Topher Grace,BlacKkKlansman
Matt Damon,Thor: Love and Thunder
Matt Damon,The Last Duel
Matt Damon,Stillwater
Matt Damon,No Sudden Move
Matt Damon,Jay and Silent Bob Reboot
Mark Casimir Dyniewicz Jr.,Workaholics
Mark Casimir Dyniewicz Jr.,Last Call
Mark Casimir Dyniewicz Jr.,The Mentalist
Mark Casimir Dyniewicz Jr.,Tim and Eric's Billion Dollar Movie
Mark Casimir Dyniewicz Jr.,Rampart
Topher Grace,Delirium
Topher Grace,Get Shorty
Topher Grace,War Machine
Topher Grace,The Institute
Topher Grace,Workaholics
Topher Grace,TripTank
Topher Grace,Opening Night
William Dickinson,Riverdale
Matt Damon,Ford v Ferrari
Matt Damon,Saturday Night Live: Cut for Time
Matt Damon,Saturday Night Live
Matt Damon,Deadpool 2
Mark Casimir Dyniewicz Jr.,Law & Order: LA
Mark Casimir Dyniewicz Jr.,The Lincoln Lawyer
Mark Casimir Dyniewicz Jr.,Greek
Mark Casimir Dyniewicz Jr.,Rex Is Not Your Lawyer
Topher Grace,Drunk History
Topher Grace,Truth
Topher Grace,American Ultra
Topher Grace,The Muppets.
Topher Grace,Interstellar
William Dickinson,Roam
William Dickinson,Wonder
William Dickinson,Wait Till Helen Comes
William Dickinson,Home Invasion
William Dickinson,Interstellar
Matt Damon,Unsane
Matt Damon,Jimmy Kimmel's the Terrific Ten
Matt Damon,Thor: Ragnarok
Matt Damon,Suburbicon
Mark Casimir Dyniewicz Jr.,Dirty Girl
Mark Casimir Dyniewicz Jr.,True Blood
Mark Casimir Dyniewicz Jr.,Jonah Hex: Behind the Scenes ~ B-Roll 2
Mark Casimir Dyniewicz Jr.,Jonah Hex: Behind the Scenes ~ B-Roll 1
Mark Casimir Dyniewicz Jr.,Glee
Mark Casimir Dyniewicz Jr.,How I Met Your Mother
Topher Grace,Playing It Cool
Topher Grace,The Calling
Topher Grace,Don Peyote
William Dickinson,R.L. Stine's the Haunting Hour
Matt Damon,Downsizing
Matt Damon,The Great Wall
Matt Damon,Jason Bourne
Matt Damon,The Martian VR Experience
Mark Casimir Dyniewicz Jr.,Angel of Death
Mark Casimir Dyniewicz Jr.,Truly Blessed
Mark Casimir Dyniewicz Jr.,Dollhouse
Topher Grace,People in New Jersey
Topher Grace,The Big Wedding
Topher Grace,The Beauty Inside
Topher Grace,The Beauty Inside: Alex's Video Diaries
Matt Damon,The Martian
Matt Damon,Ares III: The Right Stuff
Matt Damon,Ares III: Farewell
Matt Damon,Jimmy Kimmel Live!
Mark Casimir Dyniewicz Jr.,24
Mark Casimir Dyniewicz Jr.,Star Trek
Mark Casimir Dyniewicz Jr.,Eleventh Hour
Topher Grace,Comedy Bang! Bang!
Topher Grace,First Look: Ultimate Teaser Trailer
Topher Grace,The Giant Mechanical Man
Topher Grace,The Double
Topher Grace,Too Big to Fail
Matt Damon,Interstellar
Matt Damon,The Monuments Men
Matt Damon,The Zero Theorem
Matt Damon,Elysium
Matt Damon,(I Wanna) Channing All Over Your Tatum
Leah Cairns,Brand New Cherry Flavor
Mark Casimir Dyniewicz Jr.,ER
Mark Casimir Dyniewicz Jr.,Necessary Evil
Mark Casimir Dyniewicz Jr.,Eli Stone
Mark Casimir Dyniewicz Jr.,Ninja Cheerleaders
Mark Casimir Dyniewicz Jr.,Sharam Party All the Time
Mark Casimir Dyniewicz Jr.,Entourage
Jeff Hephner,Power Book II: Ghost
Topher Grace,Crocodile Tears
Topher Grace,Take Me Home Tonight
Topher Grace,Predators
Topher Grace,Death Bed Subtext
Topher Grace,Valentine's Day
Topher Grace,Personal Effects
Matt Damon,Behind the Candelabra
Matt Damon,House of Lies
Matt Damon,Promised Land
Matt Damon,We Bought a Zoo
Matt Damon,Happy Feet Two
Leah Cairns,Beyond the Call
Leah Cairns,Travelers
Leah Cairns,Supernatural
Leah Cairns,Darrow & Darrow
Leah Cairns,Diminuendo
Mark Casimir Dyniewicz Jr.,Ocean's Thirteen
Mark Casimir Dyniewicz Jr.,A Journey Behind the Scenes of 'Pirates of the Caribbean: At World's End'
Mark Casimir Dyniewicz Jr.,Pirates of the Caribbean: At World's End
Mark Casimir Dyniewicz Jr.,Bum Wrap
Mark Casimir Dyniewicz Jr.,Dirt
Jeff Hephner,Our Kind of People
Jeff Hephner,The Shuroo Process
Jeff Hephner,For All Mankind
Jeff Hephner,Almost Family
Jeff Hephner,Love Takes Flight
Jeff Hephner,Mars
Topher Grace,The Simpsons
Topher Grace,Spider-Man 3
Topher Grace,Spider-Man 3
Topher Grace,That '70s Show
Topher Grace,That '70s Show Special: The Final Goodbye
Topher Grace,Stella
Topher Grace,Robot Chicken
Topher Grace,Ocean's Twelve
Topher Grace,In Good Company
Matt Damon,Margaret
Matt Damon,Contagion
Matt Damon,The Adjustment Bureau
Matt Damon,30 Rock
Matt Damon,True Grit
Matt Damon,Hereafter
Matt Damon,Green Zone
Matt Damon,Cubed
Matt Damon,Invictus
Leah Cairns,Past Malice
Leah Cairns,Bates Motel
Leah Cairns,Deadly Sorority
Leah Cairns,Aurora Teagarden Mysteries
Leah Cairns,The Wilding
Leah Cairns,Dead Rising 4
Leah Cairns,Coded
Leah Cairns,Motive
Leah Cairns,Lead and Follow
Leah Cairns,Interstellar
Leah Cairns,Along Came a Nanny
Mark Casimir Dyniewicz Jr.,The Naked Trucker and T-Bones Show
Mark Casimir Dyniewicz Jr.,"Man, Moment, Machine"
Mark Casimir Dyniewicz Jr.,CD USA
Mark Casimir Dyniewicz Jr.,Akon Feat. Eminem: Smack That
Mark Casimir Dyniewicz Jr.,Bowling for Soup: High School Never Ends
Mark Casimir Dyniewicz Jr.,Conversation with a Devil
Mark Casimir Dyniewicz Jr.,The World's Astonishing News!
Jeff Hephner,An Acceptable Loss
Jeff Hephner,Peppermint
Jeff Hephner,Queen of the South
Jeff Hephner,Chicago Med
Jeff Hephner,Chicago Fire
Jeff Hephner,Code Black
Jeff Hephner,Agent X
Jeff Hephner,Interstellar
Jeff Hephner,Madam Secretary
Topher Grace,P.S.
Topher Grace,Win a Date with Tad Hamilton!
Topher Grace,Mona Lisa Smile
Topher Grace,King of the Hill
Topher Grace,Pinocchio
Topher Grace,"What's New, Scooby-Doo?"
Topher Grace,Ocean's Eleven
Matt Damon,Entourage
Matt Damon,The Informant!
Matt Damon,Ponyo
Matt Damon,Che: Part Two
Matt Damon,Sarah Silverman & Matt Damon: I'm Fucking Matt Damon
Matt Damon,Youth Without Youth
Matt Damon,Arthur
Matt Damon,The Bourne Ultimatum
Matt Damon,Ocean's Thirteen
Leah Cairns,Cedar Cove
Leah Cairns,Fargo
Leah Cairns,The Tomorrow People
Leah Cairns,Mega Cyclone
Leah Cairns,Battlestar Galactica
Leah Cairns,Helen
Jeff Hephner,Free Ride
Jeff Hephner,King & Maxwell
Jeff Hephner,Boss
Jeff Hephner,CSI: NY
Jeff Hephner,Hellcats
Jeff Hephner,Castle
Jeff Hephner,The 19th Wife
Jeff Hephner,Drop Dead Diva
Jeff Hephner,Ghost Whisperer
Jeff Hephner,Private Practice
Topher Grace,Traffic
Matt Damon,The Good Shepherd
Matt Damon,The Departed
Matt Damon,Syriana
Matt Damon,Magnificent Desolation: Walking on the Moon
Matt Damon,The Brothers Grimm
Leah Cairns,Battlestar Galactica: The Face of the Enemy
Leah Cairns,Sanctuary
Leah Cairns,Kyle XY
Leah Cairns,Coffee Diva
Leah Cairns,Sanctuary
Leah Cairns,Kickin' It Old Skool
Leah Cairns,88 Minutes
Leah Cairns,Saved
Leah Cairns,Godiva's
Leah Cairns,Robson Arms
Leah Cairns,Thralls
Leah Cairns,Saving Milly
Jeff Hephner,NCIS
Jeff Hephner,Mercy
Jeff Hephner,CSI: Crime Scene Investigation
Jeff Hephner,Easy Money
Jeff Hephner,Shoot First and Pray You Live (Because Luck Has Nothing to Do with It)
Jeff Hephner,Cold Case
Jeff Hephner,House
Jeff Hephner,Nip/Tuck
Jeff Hephner,What Makes Alex Tick
Jeff Hephner,Without a Trace
Jeff Hephner,CSI: Miami
Jeff Hephner,Capitol Law
Jeff Hephner,The Wedding Album
Matt Damon,Law & Order: Criminal Intent
Matt Damon,Ocean's Twelve
Matt Damon,The Bourne Supremacy
Matt Damon,Jersey Girl
Matt Damon,EuroTrip
Matt Damon,Stuck on You
Matt Damon,Confessions of a Dangerous Mind
Matt Damon,The Bernie Mac Show
Matt Damon,The Bourne Identity
Matt Damon,The Third Wheel
Matt Damon,Spirit: Stallion of the Cimarron
Matt Damon,Will & Grace
Casey Affleck,Stoner
Leah Cairns,Deep Evil
Leah Cairns,I Want to Marry Ryan Banks
Leah Cairns,The Mall Man
Leah Cairns,Tru Calling
Leah Cairns,The Chris Isaak Show
Jeff Hephner,The O.C.
Jeff Hephner,The Water Is Wide
Jeff Hephner,Criminal Minds
Jeff Hephner,Law & Order: Criminal Intent
Jeff Hephner,The Jury
Jeff Hephner,Romantic Love
Jeff Hephner,The Outlands
Matt Damon,Gerry
Matt Damon,The Majestic
Matt Damon,Ocean's Eleven
Matt Damon,Jay and Silent Bob Strike Back
Matt Damon,All the Pretty Horses
Casey Affleck,Slingshot
Casey Affleck,Oppenheimer
Casey Affleck,Dreamin' Wild
Casey Affleck,Every Breath You Take
Jeff Hephner,Maid in Manhattan
Jeff Hephner,So How Do You Feel About Your Watch
Jeff Hephner,Tigerland
Matt Damon,Finding Forrester
Matt Damon,The Legend of Bagger Vance
Matt Damon,Titan A.E.
Matt Damon,The Talented Mr. Ripley
Matt Damon,Dogma
Casey Affleck,The World to Come
Casey Affleck,Our Friend
Casey Affleck,Light of My Life
Casey Affleck,The Old Man & the Gun
Casey Affleck,A Ghost Story
Casey Affleck,Triple 9
Casey Affleck,The Finest Hours
Casey Affleck,Manchester by the Sea
Josh Stewart,The Collected
Matt Damon,Rounders
Matt Damon,Saving Private Ryan
Matt Damon,Good Will Hunting
Matt Damon,The Rainmaker
Matt Damon,Chasing Amy
Matt Damon,Courage Under Fire
Matt Damon,Glory Daze
Casey Affleck,Interstellar
Casey Affleck,Out of the Furnace
Casey Affleck,Ain't Them Bodies Saints
Casey Affleck,ParaNorman
Josh Stewart,The Rookie
Josh Stewart,Tenet
Josh Stewart,Criminal Minds
Josh Stewart,Back Fork
Josh Stewart,The Mustang
Josh Stewart,The Punisher
Matt Damon,The Good Old Boys
Matt Damon,Geronimo: An American Legend
Matt Damon,School Ties
Casey Affleck,Tower Heist
Casey Affleck,WWII in HD: The Air War
Casey Affleck,I'm Still Here
Casey Affleck,The Killer Inside Me
Casey Affleck,Gone Baby Gone
Casey Affleck,The Assassination of Jesse James by the Coward Robert Ford
Josh Stewart,Discarnate
Josh Stewart,Malicious
Josh Stewart,Shooter
Josh Stewart,Insidious: The Last Key
Josh Stewart,War Machine
Matt Damon,Rising Son
Matt Damon,Field of Dreams
Matt Damon,The Good Mother
Matt Damon,Mystic Pizza
Casey Affleck,Ocean's Thirteen
Casey Affleck,The Last Kiss
Casey Affleck,Lonesome Jim
Casey Affleck,Ocean's Twelve
Josh Stewart,The Neighbor
Josh Stewart,Cold Moon
Josh Stewart,The Finest Hours
Josh Stewart,No Names
Casey Affleck,Gerry
Casey Affleck,Ocean's Eleven
Casey Affleck,Soul Survivors
Casey Affleck,American Pie 2
Casey Affleck,Attention Shoppers
Josh Stewart,Interstellar
Josh Stewart,Hysteria
Josh Stewart,Transcendence
Josh Stewart,The Hunted
Josh Stewart,Alpha Alert
Casey Affleck,Hamlet
Casey Affleck,Committed
Casey Affleck,Drowning Mona
Casey Affleck,American Pie
Josh Stewart,Grimm
Josh Stewart,The Walking Dead: Webisodes
Josh Stewart,The Collection
Josh Stewart,The Dark Knight Rises
Josh Stewart,Rehab
Josh Stewart,No Ordinary Family
Casey Affleck,200 Cigarettes
Casey Affleck,Desert Blue
Casey Affleck,Good Will Hunting
Casey Affleck,Floating
Casey Affleck,Chasing Amy
Josh Stewart,Miami Medical
Josh Stewart,Beneath the Dark
Josh Stewart,Ghost Whisperer
Josh Stewart,The Mentalist
Josh Stewart,Law Abiding Citizen
Josh Stewart,The Collector
Casey Affleck,Race the Sun
Casey Affleck,To Die For
Casey Affleck,The Kennedys of Massachusetts
Casey Affleck,Lemon Sky
Josh Stewart,Southland
Josh Stewart,CSI: Miami
Josh Stewart,The Curious Case of Benjamin Button
Josh Stewart,The Haunting of Molly Hartley
Josh Stewart,Raising the Bar
Josh Stewart,ER
Josh Stewart,Dirt
Josh Stewart,Jekyll
David Gyasi,Impact Winter
Josh Stewart,Bobby Z
Josh Stewart,"Lenexa, 1 Mile"
Josh Stewart,Third Watch
Josh Stewart,CSI: Crime Scene Investigation
Josh Stewart,Then Came Jones
David Gyasi,Ear for Eye
David Gyasi,Living Things
David Gyasi,Chuggington
Jessica Chastain,Mothers' Instinct
David Gyasi,The A Word
David Gyasi,Come Away
David Gyasi,Hell on the Border
David Gyasi,Maleficent: Mistress of Evil
David Gyasi,Carnival Row
David Gyasi,Show the Love
David Gyasi,Cold Blood
Jessica Chastain,The Division
Jessica Chastain,The Good Nurse
Jessica Chastain,George and Tammy
David Gyasi,Pulsar
David Gyasi,Troy: Fall of a City
David Gyasi,Hunter Killer
David Gyasi,Annihilation
David Gyasi,Man in an Orange Shirt
Jessica Chastain,Reframed: Marilyn Monroe
Jessica Chastain,The 355
Jessica Chastain,The Sands Between
Jessica Chastain,The Eyes of Tammy Faye
Jessica Chastain,The Forgiven
David Gyasi,Containment
David Gyasi,Interstellar
David Gyasi,Panic
David Gyasi,The Whale
David Gyasi,I Love You
David Gyasi,Cloud Atlas
Jessica Chastain,Scenes from a Marriage
Jessica Chastain,Ava
Jessica Chastain,It Chapter Two
Jessica Chastain,X-Men: Dark Phoenix
Jessica Chastain,Spheres
Jessica Chastain,Jay Z: Family Feud ft. Beyoncé
David Gyasi,Doctor Who
David Gyasi,The Dark Knight Rises
David Gyasi,White Heat
David Gyasi,Chuggington: Badge Quest
David Gyasi,Red Tails
David Gyasi,Holby City
David Gyasi,Murderland
Jessica Chastain,Woman Walks Ahead
Jessica Chastain,Molly's Game
Jessica Chastain,I Am Little Red
Jessica Chastain,The Zookeeper's Wife
Jessica Chastain,Miss Sloane
Jessica Chastain,Animals.
Jessica Chastain,The Huntsman: Winter's War
Jessica Chastain,The Martian VR Experience
David Gyasi,Law & Order: UK
David Gyasi,Demons
David Gyasi,Apparitions
David Gyasi,Waking the Dead
David Gyasi,Doctors
David Gyasi,Silent Witness
David Gyasi,New Street Law
Jessica Chastain,Crimson Peak
Jessica Chastain,The Martian
Jessica Chastain,Ares III: The Right Stuff
Jessica Chastain,Ares III: Farewell
Jessica Chastain,A Most Violent Year
Jessica Chastain,Interstellar
Jessica Chastain,Miss Julie
Jessica Chastain,The Disappearance of Eleanor Rigby: Them
Jessica Chastain,The Disappearance of Eleanor Rigby: Her
David Gyasi,Coming Up
David Gyasi,USS Constellation: Battling for Freedom
David Gyasi,Torchwood
David Gyasi,Shoot the Messenger
David Gyasi,Dream Team
David Gyasi,The Bill
David Gyasi,Mike Bassett: Manager
David Gyasi,The Brief
David Gyasi,Shooting Dogs
Jessica Chastain,The Disappearance of Eleanor Rigby: Him
Jessica Chastain,Salomé
Jessica Chastain,Mama
Jessica Chastain,Zero Dark Thirty
Jessica Chastain,The Color of Time
Jessica Chastain,Lawless
Jessica Chastain,Madagascar 3: Europe's Most Wanted
Jessica Chastain,Texas Killing Fields
Jessica Chastain,Wilde Salomé
Jessica Chastain,The Help
David Gyasi,.357
David Gyasi,No Angels
David Gyasi,Sea of Souls
David Gyasi,William and Mary
David Gyasi,Murder City
David Gyasi,Casualty
David Gyasi,Goal
David Gyasi,What a Girl Wants
Jessica Chastain,The Tree of Life
Jessica Chastain,Coriolanus
Jessica Chastain,Take Shelter
Jessica Chastain,The Westerner
Jessica Chastain,The Debt
Jessica Chastain,Poirot
Jessica Chastain,Stolen
Jessica Chastain,Jolene
Jessica Chastain,Journeyman
Jessica Chastain,'Til Death
Jessica Chastain,Blackbeard
Jessica Chastain,The Evidence
Jessica Chastain,Close to Home
Jessica Chastain,Law & Order: Trial by Jury
Jessica Chastain,Dark Shadows
Jessica Chastain,Veronica Mars
Jessica Chastain,ER
